Feature,Score
X210_USAGE,0.189657915672235
TOTAL_USAGE,0.0537788385043755
X209_USAGE,0.0153274993370458
X209_SESSION_COUNT,0.0140015910898965
X210_SESSION_COUNT,0.00753115884380795
TOTAL_SESSIONS,0.00556881463802705
LOCAL_SESSIONS_COUNT,0.0014319809069212
CONTRACT_KEY,0.00106072659771939
ROAMING_USAGE,0.000159108989657875
ROAMING_SESSIONS_COUNT,-5.30363298860692E-05
LOCAL_USAGE,-0.00063643595863172
